Wasted Food,BBCGoodFood link,,notes: this is good but we simply need more
bread,https://www.bbcgoodfood.com/recipes/collection/eggy-bread-recipes,,
bread,https://www.bbcgoodfood.com/recipes/collection/leftover-bread-recipes,,
bread,https://www.bbcgoodfood.com/recipes/collection/bread-sauce-recipes,,
bread,https://www.bbcgoodfood.com/recipes/collection/croutons-recipes,,
bread,https://www.bbcgoodfood.com/recipes/collection/sloppy-joe-recipes,,
bread,https://www.bbcgoodfood.com/recipes/collection/panzanella-recipes,,
rhye bread,https://www.bbcgoodfood.com/recipes/collection/rye-bread-recipes
pita bread,https://www.bbcgoodfood.com/recipes/collection/pitta-bread-recipes
baked apple,https://www.bbcgoodfood.com/recipes/collection/baked-apple-recipes,,
banana,https://www.bbcgoodfood.com/recipes/collection/healthy-banana-recipes,,
drinks,https://www.bbcgoodfood.com/recipes/collection/healthy-drink-recipes,,
frozen vegetables,https://www.bbcgoodfood.com/recipes/collection/frozen-vegetable-recipes,,
root vegetables,https://www.bbcgoodfood.com/recipes/collection/root-vegetable-recipes,,
green salad,https://www.bbcgoodfood.com/recipes/collection/green-salad-recipes,,
vegetable stew,https://www.bbcgoodfood.com/recipes/collection/vegetable-stew-recipes,,
vegetable soup,https://www.bbcgoodfood.com/recipes/collection/vegetable-soup-recipes,,
roasted vegetables,https://www.bbcgoodfood.com/recipes/collection/roasted-vegetable-recipes,,
egg,https://www.bbcgoodfood.com/recipes/collection/egg-recipes,,
egg whites,https://www.bbcgoodfood.com/recipes/collection/egg-white-recipes,,
egg,https://www.bbcgoodfood.com/recipes/collection/healthy-egg-recipes,,
egg yolks,https://www.bbcgoodfood.com/recipes/collection/egg-yolk-recipes,,
pasta,https://www.bbcgoodfood.com/recipes/collection/pasta-two-recipes,,
pasta,https://www.bbcgoodfood.com/recipes/collection/5-ingredient-pasta-recipes,,
penne pasta,https://www.bbcgoodfood.com/recipes/collection/penne-recipes,,
pasta,https://www.bbcgoodfood.com/recipes/collection/healthy-budget-pasta-recipes,,
rice,https://www.bbcgoodfood.com/recipes/collection/leftover-rice-recipes,,
rice,https://www.bbcgoodfood.com/recipes/collection/rice-recipes,,
rice,https://www.bbcgoodfood.com/recipes/collection/family-rice-recipes,,
pilau rice,https://www.bbcgoodfood.com/recipes/collection/pilau-rice-recipes,,
rice,https://www.bbcgoodfood.com/recipes/collection/kids-rice-recipes,,
pork,https://www.bbcgoodfood.com/recipes/collection/leftover-pork-recipes,,
beef,https://www.bbcgoodfood.com/recipes/collection/leftover-beef-recipes,,
lamb,https://www.bbcgoodfood.com/recipes/collection/leftover-lamb-recipes,,
chicken,https://www.bbcgoodfood.com/recipes/collection/leftover-chicken-recipes,,
bread,https://www.bbcgoodfood.com/recipes/collection/leftover-bread-recipes,,
cheese,https://www.bbcgoodfood.com/recipes/collection/leftover-cheese-recipes,,
mashed potato,https://www.bbcgoodfood.com/recipes/collection/leftover-mashed-potato-recipes,,
chocolate,https://www.bbcgoodfood.com/recipes/collection/leftover-chocolate-recipes,,
potato,https://www.bbcgoodfood.com/recipes/collection/healthy-potato-recipes,,
potato,https://www.bbcgoodfood.com/recipes/collection/leftover-potato-recipes,,
Leftovers,https://www.bbcgoodfood.com/recipes/collection/leftovers-recipes,,
spring greens,https://www.bbcgoodfood.com/recipes/collection/spring-greens-recipes,,
salad,https://www.bbcgoodfood.com/recipes/collection/storecupboard-salad-recipes,,
yoghurt,https://www.bbcgoodfood.com/recipes/collection/yogurt-recipes,,
natural yoghurt,https://www.bbcgoodfood.com/recipes/collection/natural-yogurt-recipes,,
greek yoghurt,https://www.bbcgoodfood.com/recipes/collection/greek-yogurt-recipes,,
party drinks,https://www.bbcgoodfood.com/recipes/collection/party-drinks-recipes,,
summer drinks,https://www.bbcgoodfood.com/recipes/collection/non-alcoholic-summer-drinks-recipes,,
winter drinks,https://www.bbcgoodfood.com/recipes/collection/winter-drinks-recipes,,
autumn drinks,https://www.bbcgoodfood.com/recipes/collection/autumn-drinks-recipes,,
healthy drinks,https://www.bbcgoodfood.com/recipes/collection/healthy-drink-recipes,,
frozen fish,https://www.bbcgoodfood.com/recipes/collection/frozen-fish-recipes,,
easy fish,https://www.bbcgoodfood.com/recipes/collection/easy-fish-recipes,,
white fish ,https://www.bbcgoodfood.com/recipes/collection/white-fish-recipes,,
fish,https://www.bbcgoodfood.com/recipes/collection/kids-fish-recipes,,
fish,https://www.bbcgoodfood.com/recipes/collection/fish-recipes,,
seafood,https://www.bbcgoodfood.com/recipes/collection/seafood-recipes,,
oyster,https://www.bbcgoodfood.com/recipes/collection/oyster-recipes,,
baked potato,https://www.bbcgoodfood.com/recipes/collection/baked-potato-recipes,,
burger,https://www.bbcgoodfood.com/recipes/collection/burger-recipes,,
curry,https://www.bbcgoodfood.com/recipes/collection/curry-recipes,,
meatball,https://www.bbcgoodfood.com/recipes/collection/meatball-recipes,,
cheese,https://www.bbcgoodfood.com/recipes/collection/soft-cheese-recipes,,
leftover cheese,https://www.bbcgoodfood.com/recipes/collection/leftover-cheese-recipes,,
banana,https://www.bbcgoodfood.com/recipes/collection/banana-recipes,,
tinned fruit,https://www.bbcgoodfood.com/recipes/collection/tinned-fruit-recipes,,
mustard,https://www.bbcgoodfood.com/recipes/collection/mustard-recipes,,
carrot,https://www.bbcgoodfood.com/recipes/collection/carrot-recipes,,
fish,https://www.bbcgoodfood.com/recipes/collection/frozen-fish-recipes,,
mango,https://www.bbcgoodfood.com/recipes/collection/mango-recipes,,
apricot,https://www.bbcgoodfood.com/recipes/collection/dried-apricot-recipes,,
banana bread,https://www.bbcgoodfood.com/recipes/gluten-free-banana-bread,,
egg yolks,https://www.bbcgoodfood.com/recipes/collection/egg-yolk-recipes,,
chocolate,https://www.bbcgoodfood.com/recipes/collection/leftover-chocolate-recipes,,
asparagus,https://www.bbcgoodfood.com/recipes/collection/asparagus-recipes,,
artichoke,https://www.bbcgoodfood.com/recipes/collection/artichoke-recipes,,
beans,https://www.bbcgoodfood.com/recipes/collection/healthy-bean-recipes,,
beetroot,https://www.bbcgoodfood.com/recipes/collection/roasted-beetroot-recipes,,
vegan beetroot,https://www.bbcgoodfood.com/recipes/collection/vegan-beetroot-recipes,,
broccoli,https://www.bbcgoodfood.com/recipes/collection/broccoli-recipes,,
cabbage,https://www.bbcgoodfood.com/recipes/collection/cabbage-recipes,,
red cabbage,https://www.bbcgoodfood.com/recipes/collection/christmas-red-cabbage-recipes,,
cauliflower,https://www.bbcgoodfood.com/recipes/collection/cauliflower-recipes,,
brussel sprouts,https://www.bbcgoodfood.com/recipes/collection/brussel-sprouts-recipes,,
celeriac,https://www.bbcgoodfood.com/recipes/collection/celeriac-recipes,,
celery,https://www.bbcgoodfood.com/recipes/collection/celery-recipes,,
chicory,https://www.bbcgoodfood.com/recipes/collection/chicory-recipes,,
baby corn,https://www.bbcgoodfood.com/recipes/collection/baby-corn-recipes,,
corn,https://www.bbcgoodfood.com/recipes/collection/corn-cob-recipes,,
cucumber,https://www.bbcgoodfood.com/recipes/collection/cucumber-recipes,,
edamame,https://www.bbcgoodfood.com/recipes/collection/edamame-recipes,,
aubergine,https://www.bbcgoodfood.com/recipes/collection/aubergine-recipes,,
fennel,https://www.bbcgoodfood.com/recipes/collection/fennel-recipes,,
kale,https://www.bbcgoodfood.com/recipes/collection/kale-recipes,,
leek,https://www.bbcgoodfood.com/recipes/collection/leek-recipes,,
iceberg lettuce,https://www.bbcgoodfood.com/recipes/collection/iceberg-lettuce-recipes,,
lettuce,https://www.bbcgoodfood.com/recipes/collection/lettuce-recipes,,
mushroom,https://www.bbcgoodfood.com/recipes/collection/mushroom-recipes,,
onion,https://www.bbcgoodfood.com/recipes/collection/onion-recipes,,
parsnip,https://www.bbcgoodfood.com/recipes/collection/parsnip-recipes,,
pea,https://www.bbcgoodfood.com/recipes/collection/pea-recipes,,
pepper,https://www.bbcgoodfood.com/recipes/collection/pepper-recipes,,
pumpkin,https://www.bbcgoodfood.com/recipes/collection/pumpkin-recipes,,
radichio,https://www.bbcgoodfood.com/recipes/collection/radicchio-recipes,,
radish,https://www.bbcgoodfood.com/recipes/collection/radish-recipes,,
shallot,https://www.bbcgoodfood.com/recipes/collection/shallot-recipes,,
spinach,https://www.bbcgoodfood.com/recipes/collection/spinach-recipes,,
butternut squash,https://www.bbcgoodfood.com/recipes/collection/butternut-squash-recipes,,
sweet potato,https://www.bbcgoodfood.com/recipes/collection/sweet-potato-recipes,,
tomato,https://www.bbcgoodfood.com/recipes/collection/tomato-recipes,,
cherry tomato,https://www.bbcgoodfood.com/recipes/collection/cherry-tomato-recipes,,
turnip,https://www.bbcgoodfood.com/recipes/collection/turnip-recipes,,
watercress,https://www.bbcgoodfood.com/recipes/collection/watercress-recipes,,
apple,https://www.bbcgoodfood.com/recipes/collection/apple-dessert-recipes,,
banana,https://www.bbcgoodfood.com/recipes/collection/healthy-banana-recipes,,
kiwi,https://www.bbcgoodfood.com/recipes/fruit-salad,,
sausage,https://www.bbcgoodfood.com/recipes/collection/kids-sausage-recipes,,
peanut butter,https://www.bbcgoodfood.com/recipes/collection/peanut-butter-recipes,,
hazelnut,https://www.bbcgoodfood.com/recipes/collection/hazelnut-recipes,,
pistachio,https://www.bbcgoodfood.com/recipes/collection/pistachio-recipes,,
brazil nut,https://www.bbcgoodfood.com/recipes/collection/brazil-nut-recipes,,
chestnut,https://www.bbcgoodfood.com/recipes/collection/chestnut-recipes,,
pumpkin seed,https://www.bbcgoodfood.com/recipes/collection/pumpkin-seed-recipes,,
vegan cake,https://www.bbcgoodfood.com/recipes/collection/vegan-birthday-cake-recipes,,
banana,https://www.bbcgoodfood.com/recipes/vegan-banana-bread,,
almond,https://www.bbcgoodfood.com/recipes/collection/almond-recipes,,
artichoke,https://www.bbcgoodfood.com/recipes/collection/artichoke-recipes,,
avacado,https://www.bbcgoodfood.com/search/recipe-collections-recipies,,
bacon,https://www.bbcgoodfood.com/recipes/collection/bacon-recipes,,
black beans,https://www.bbcgoodfood.com/recipes/collection/black-bean-recipes,,
baked beans,https://www.bbcgoodfood.com/recipes/collection/baked-bean-recipes,,
carrot,https://www.bbcgoodfood.com/recipes/collection/carrot-recipes,,
celery,https://www.bbcgoodfood.com/recipes/collection/celery-recipes,,
broccoli,https://www.bbcgoodfood.com/recipes/collection/broccoli-recipes,,
grated carrots,https://www.bbcgoodfood.com/recipes/collection/grated-carrot-recipes,,
green beans,https://www.bbcgoodfood.com/recipes/collection/green-bean-recipes,,
goose,https://www.bbcgoodfood.com/recipes/collection/roast-goose-recipes,,
gnocchi,https://www.bbcgoodfood.com/recipes/collection/gnocchi-recipes,,
guacamole,https://www.bbcgoodfood.com/recipes/collection/guacamole-recipes,,
garlic,https://www.bbcgoodfood.com/recipes/collection/garlic-recipes,,
ham,https://www.bbcgoodfood.com/recipes/collection/leftover-ham-recipes,,
halibut,https://www.bbcgoodfood.com/recipes/collection/halibut-recipes,,
hummus,https://www.bbcgoodfood.com/recipes/collection/houmous-recipes,,
hummous,https://www.bbcgoodfood.com/recipes/collection/houmous-recipes,,
kale,https://www.bbcgoodfood.com/recipes/collection/kale-recipes,,
kidney beans,https://www.bbcgoodfood.com/recipes/collection/kidney-bean-recipes,,
lettuce,https://www.bbcgoodfood.com/recipes/collection/lettuce-recipes,,
noodle,https://www.bbcgoodfood.com/recipes/collection/noodle-recipes,,
spinach,https://www.bbcgoodfood.com/recipes/collection/spinach-recipes,,
spaghetti,https://www.bbcgoodfood.com/recipes/collection/spaghetti-recipes,,
gravy,https://www.bbcgoodfood.com/recipes/collection/gravy-recipes,,
walnut,https://www.bbcgoodfood.com/recipes/collection/walnut-recipes,,
white cabbage,https://www.bbcgoodfood.com/recipes/collection/white-cabbage-recipes
zucchini,https://www.bbcgoodfood.com/recipes/collection/courgette-recipes,,
anchovy,https://www.bbcgoodfood.com/recipes/collection/anchovies-recipes,,
apricot,https://www.bbcgoodfood.com/recipes/collection/apricot-recipes,,
potato,https://www.bbcgoodfood.com/recipes/collection/potato-recipes,,
beef,https://www.bbcgoodfood.com/recipes/collection/leftover-beef-recipes,,
beer,https://www.bbcgoodfood.com/recipes/collection/beer-recipes,,
beetroot,https://www.bbcgoodfood.com/recipes/collection/beetroot-recipes,,
pepper,https://www.bbcgoodfood.com/recipes/collection/pepper-recipes,,
blackberries,https://www.bbcgoodfood.com/recipes/collection/blackberry-recipes,,
blueberries,https://www.bbcgoodfood.com/recipes/collection/blueberry-recipes,,
butter bean,https://www.bbcgoodfood.com/recipes/collection/butter-bean-recipes,,
buckwheat,https://www.bbcgoodfood.com/recipes/collection/buckwheat-recipes,,
cauliflower,https://www.bbcgoodfood.com/recipes/collection/cauliflower-recipes,,
celeriac,https://www.bbcgoodfood.com/recipes/collection/celeriac-recipes,,
celery,https://www.bbcgoodfood.com/recipes/collection/celery-recipes,,
cherries,https://www.bbcgoodfood.com/recipes/collection/cherry-recipes,,
chicken,https://www.bbcgoodfood.com/recipes/collection/kids-chicken-recipes,,
chicken,https://www.bbcgoodfood.com/recipes/collection/mexican-chicken-recipes,,
chickpeas,https://www.bbcgoodfood.com/recipes/collection/vegan-chickpea-recipes,,
chickpeas,https://www.bbcgoodfood.com/recipes/collection/chickpea-recipes,,
cacao,https://www.bbcgoodfood.com/recipes/collection/chia-seed-recipes,,
chilli,https://www.bbcgoodfood.com/recipes/collection/chilli-recipes,,
cinnamon,https://www.bbcgoodfood.com/recipes/collection/cinnamon-recipes,,
coconut,https://www.bbcgoodfood.com/recipes/collection/cinnamon-recipes,,
coconut milk,https://www.bbcgoodfood.com/recipes/collection/coconut-milk-recipes,,
cornmeal,https://www.bbcgoodfood.com/recipes/collection/cornmeal-recipes,,
baby corn ,https://www.bbcgoodfood.com/recipes/collection/baby-corn-recipes,,
crab,https://www.bbcgoodfood.com/recipes/collection/crab-recipes,,
cranberries,https://www.bbcgoodfood.com/recipes/collection/cranberry-recipes,,
frozen berry,https://www.bbcgoodfood.com/recipes/collection/frozen-berry-recipes,,
egg,https://www.bbcgoodfood.com/recipes/collection/egg-yolk-recipes,,
egg,https://www.bbcgoodfood.com/recipes/collection/egg-white-recipes,,
garlic,https://www.bbcgoodfood.com/recipes/collection/garlic-recipes,,
grapefruit,https://www.bbcgoodfood.com/recipes/collection/grapefruit-recipes,,
green lentil,https://www.bbcgoodfood.com/recipes/collection/green-lentil-recipes,,
papaya,https://www.bbcgoodfood.com/recipes/collection/papaya-recipes,,
frozen pea,https://www.bbcgoodfood.com/recipes/collection/frozen-pea-recipes,,
honey,https://www.bbcgoodfood.com/recipes/collection/honey-recipes,,
melon,https://www.bbcgoodfood.com/recipes/collection/melon-recipes,,
kale,https://www.bbcgoodfood.com/recipes/collection/kale-recipes,,
trout,https://www.bbcgoodfood.com/recipes/collection/trout-recipes,,
leek,https://www.bbcgoodfood.com/recipes/collection/leek-recipes,,
lemon,https://www.bbcgoodfood.com/recipes/collection/lemon-recipes,,
lentil,https://www.bbcgoodfood.com/recipes/collection/lentil-recipes,,
lettuce,https://www.bbcgoodfood.com/recipes/collection/lettuce-recipes,,
lime,https://www.bbcgoodfood.com/recipes/collection/lime-recipes,,
liver,www.bbcgoodfood.com/recipes/collection/liver-recipes,,
lobster,https://www.bbcgoodfood.com/recipes/collection/lobster-recipes,,
mackerel,https://www.bbcgoodfood.com/recipes/collection/smoked-mackerel-recipes,,
mackerel,https://www.bbcgoodfood.com/recipes/collection/mackerel-recipes,,
mango,https://www.bbcgoodfood.com/recipes/collection/mango-recipes,,
condensed milk,https://www.bbcgoodfood.com/recipes/collection/condensed-milk-recipes,,
mint,https://www.bbcgoodfood.com/recipes/collection/mint-recipes,,
mushroom,https://www.bbcgoodfood.com/recipes/collection/mushroom-recipes,,
mussel,https://www.bbcgoodfood.com/recipes/collection/mussels-recipes,,
oat ,https://www.bbcgoodfood.com/recipes/collection/healthy-oat-recipes,,
onion ,https://www.bbcgoodfood.com/recipes/collection/onion-recipes,,
orange,https://www.bbcgoodfood.com/recipes/collection/orange-recipes,,
papaya,https://www.bbcgoodfood.com/recipes/collection/papaya-recipes,,
parsley,https://www.bbcgoodfood.com/recipes/collection/parsley-recipes-2,,
parsnip,https://www.bbcgoodfood.com/recipes/collection/vegan-parsnip-recipes,,
parsnip,https://www.bbcgoodfood.com/recipes/collection/parsnip-recipes,,
passion fruit,https://www.bbcgoodfood.com/recipes/collection/passion-fruit-recipes,,
peach,https://www.bbcgoodfood.com/recipes/collection/peach-recipes,,
pear,https://www.bbcgoodfood.com/recipes/collection/pear-recipes,,
pecan,https://www.bbcgoodfood.com/recipes/collection/pecan-pies-recipes,,
pesto ,https://www.bbcgoodfood.com/recipes/collection/pesto-recipes,,
canned tomato,https://www.bbcgoodfood.com/recipes/collection/canned-tomato-recipes,,
pickle,https://www.bbcgoodfood.com/recipes/collection/pickle-recipes,,
pineapple,https://www.bbcgoodfood.com/recipes/collection/pineapple-recipes,,
tinned pineapple,https://www.bbcgoodfood.com/recipes/collection/tinned-pineapple-recipes,,
plum,https://www.bbcgoodfood.com/recipes/collection/plum-recipes,,
pomegranate ,https://www.bbcgoodfood.com/recipes/collection/pomegranate-recipes,,
pork,https://www.bbcgoodfood.com/recipes/collection/pork-recipes,,
potato,https://www.bbcgoodfood.com/recipes/collection/vegan-potato-recipes,,
potato,https://www.bbcgoodfood.com/recipes/collection/healthy-potato-recipes,,
prune,https://www.bbcgoodfood.com/recipes/collection/prune-recipes-recipes,,
pumpkin,https://www.bbcgoodfood.com/recipes/collection/pumpkin-recipes,,
radicchio,https://www.bbcgoodfood.com/recipes/collection/radicchio-recipes,,
radish,https://www.bbcgoodfood.com/recipes/collection/radish-recipes,,
raspberry,https://www.bbcgoodfood.com/recipes/collection/raspberry-recipes,,
red bean,https://www.bbcgoodfood.com/recipes/collection/healthy-bean-recipes,,
rhubarb,https://www.bbcgoodfood.com/recipes/collection/rhubarb-crumble-recipes,,
ribs,https://www.bbcgoodfood.com/recipes/collection/short-ribs-recipes,,
rice,https://www.bbcgoodfood.com/recipes/collection/family-rice-recipes,,
risotto,https://www.bbcgoodfood.com/recipes/collection/risotto-recipes,,
rice,https://www.bbcgoodfood.com/recipes/collection/kids-rice-recipes,,
rolled oats,https://www.bbcgoodfood.com/recipes/collection/healthy-oat-recipes,,
rosemary,https://www.bbcgoodfood.com/recipes/collection/healthy-vegan-snacks,,
runner bean,https://www.bbcgoodfood.com/recipes/collection/runner-bean-recipes,,
saffron,https://www.bbcgoodfood.com/recipes/collection/saffron-recipes,,
sage,https://www.bbcgoodfood.com/recipes/collection/chipolata-recipes,,
salmon,https://www.bbcgoodfood.com/recipes/collection/kids-salmon-recipes,,
salmon,https://www.bbcgoodfood.com/recipes/collection/summer-salmon-recipes,,
salmon,https://www.bbcgoodfood.com/recipes/collection/grilled-salmon-recipes,,
salt,https://www.bbcgoodfood.com/recipes/collection/healthy-salty-snacks,,
salt,https://www.bbcgoodfood.com/recipes/collection/low-salt-lunch-recipes,,
sardine,https://www.bbcgoodfood.com/recipes/collection/sardine-recipes,,
sauerkraut,https://www.bbcgoodfood.com/recipes/collection/white-cabbage-recipes,,
scallop,https://www.bbcgoodfood.com/recipes/collection/scallop-recipes,,
seaweed,https://www.bbcgoodfood.com/recipes/collection/samphire-recipes,,
shallot,https://www.bbcgoodfood.com/recipes/collection/shallot-recipes,,
shellfish,https://www.bbcgoodfood.com/recipes/collection/shellfish-recipes,,
steak,https://www.bbcgoodfood.com/recipes/collection/simple-sirloin-steak-recipes,,
steak,https://www.bbcgoodfood.com/recipes/collection/steak-salad-recipes,,
noodle,https://www.bbcgoodfood.com/recipes/collection/rice-noodles-recipes,,
soba noodle,https://www.bbcgoodfood.com/recipes/collection/kids-noodle-recipes,,
tofu,https://www.bbcgoodfood.com/recipes/collection/tofu-recipes,,
strawberry,https://www.bbcgoodfood.com/recipes/collection/strawberry-smoothie-recipes,,
strawberry,https://www.bbcgoodfood.com/recipes/collection/strawberry-dessert-recipes,,
sugar,https://www.bbcgoodfood.com/recipes/collection/low-sugar-breakfast-recipes,,
string bean,https://www.bbcgoodfood.com/recipes/collection/healthy-bean-recipes,,
sugar beetroot,https://www.bbcgoodfood.com/recipes/collection/vegan-beetroot-recipes,,
sugar snap,https://www.bbcgoodfood.com/recipes/collection/sugar-snap-pea-recipes,,
sweet peas,https://www.bbcgoodfood.com/recipes/collection/frozen-pea-recipes,,
tabasco sauce,https://www.bbcgoodfood.com/recipes/collection/tinned-fruit-recipes,,
tangerine,https://www.bbcgoodfood.com/recipes/collection/tangerine-recipes,,
tahini,https://www.bbcgoodfood.com/recipes/collection/tahini-recipes,,
tea,https://www.bbcgoodfood.com/recipes/collection/iced-tea-recipes,,
tinned fruit,https://www.bbcgoodfood.com/recipes/collection/tinned-fruit-recipes,,
tomato paste,https://www.bbcgoodfood.com/recipes/collection/tomato-pasta-recipes,,
tomato puree,https://www.bbcgoodfood.com/recipes/collection/canned-tomato-recipes,,
turkey,https://www.bbcgoodfood.com/recipes/collection/healthy-turkey-recipes,,
tomato,https://www.bbcgoodfood.com/recipes/collection/tomato-salad-recipes,,
turmeric,https://www.bbcgoodfood.com/recipes/collection/turmeric-recipes,,
turnip,https://www.bbcgoodfood.com/recipes/collection/turnip-recipes,,
vinegar,https://www.bbcgoodfood.com/recipes/collection/pickle-recipes,,
veal,https://www.bbcgoodfood.com/recipes/collection/veal-recipes,,
walnut,https://www.bbcgoodfood.com/recipes/collection/walnut-recipes,,
wasabi,https://www.bbcgoodfood.com/recipes/collection/yogurt-recipes,,
watercress,https://www.bbcgoodfood.com/recipes/collection/watercress-recipes,,
watermelon,https://www.bbcgoodfood.com/recipes/collection/watermelon-recipes,,
yogurt,https://www.bbcgoodfood.com/recipes/collection/natural-yogurt-recipes,,
yogurt,https://www.bbcgoodfood.com/recipes/collection/yogurt-recipes,,
white beans,https://www.bbcgoodfood.com/recipes/collection/healthy-bean-recipes,,
white bread,https://www.bbcgoodfood.com/recipes/collection/vegan-bread-recipes,,
wild rice,https://www.bbcgoodfood.com/recipes/collection/leftover-rice-recipes,,
wine,https://www.bbcgoodfood.com/recipes/collection/chicory-recipes,,
fig,https://www.bbcgoodfood.com/recipes/collection/fig-recipes,,
barley,https://www.bbcgoodfood.com/recipes/collection/cooking-apple-recipes,,
chicory,https://www.bbcgoodfood.com/recipes/collection/chicory-recipes,,
quince,https://www.bbcgoodfood.com/recipes/collection/quince-recipes,,
gooseberry,https://www.bbcgoodfood.com/recipes/collection/gooseberry-recipes,,
apple,https://www.bbcgoodfood.com/recipes/collection/apple-and-blackberry,,
milk,https://www.bbcgoodfood.com/recipes/collection/dairy-free-pancake-recipes,,
cod,https://www.bbcgoodfood.com/recipes/collection/cod-recipes,,
tuna,https://www.bbcgoodfood.com/recipes/collection/healthy-tuna-recipes,,